{"cameraMode":{"drawMode":0,"name":"Shaded","section":"Shading Mode"},"sceneLighting":true,"audioPlay":false,"sceneViewState":{"showFog":true,"showMaterialUpdate":false,"showSkybox":true,"showFlares":true,"showImageEffects":true,"showParticleSystems":true,"showVisualEffectGraphs":true,"m_FxEnabled":true},"in2DMode":false,"pivot":{"x":2.1066880226135256,"y":21.457836151123048,"z":-13.674952507019043},"rotation":{"x":0.41224321722984316,"y":-0.19078248739242555,"z":0.08890523761510849,"w":0.886508047580719},"size":2.303529739379883,"orthographic":false}