{"cameraMode":{"drawMode":0,"name":"Shaded","section":"Shading Mode"},"sceneLighting":true,"audioPlay":false,"sceneViewState":{"showFog":true,"showMaterialUpdate":false,"showSkybox":true,"showFlares":true,"showImageEffects":true,"showParticleSystems":true,"showVisualEffectGraphs":true,"m_FxEnabled":true},"in2DMode":false,"pivot":{"x":36.19181442260742,"y":-0.9244043827056885,"z":29.032623291015626},"rotation":{"x":-0.0013888226822018624,"y":0.9202617406845093,"z":-0.3915884494781494,"w":-0.0033556672278791668},"size":17.620635986328126,"orthographic":false}