{"cameraMode":{"drawMode":0,"name":"Shaded","section":"Shading Mode"},"sceneLighting":true,"audioPlay":false,"sceneViewState":{"showFog":true,"showMaterialUpdate":false,"showSkybox":true,"showFlares":true,"showImageEffects":true,"showParticleSystems":true,"showVisualEffectGraphs":true,"m_FxEnabled":true},"in2DMode":false,"pivot":{"x":0.7306108474731445,"y":-15.41287612915039,"z":21.137561798095704},"rotation":{"x":-0.30391421914100649,"y":-0.05602538213133812,"z":0.01787426881492138,"w":-0.9510131478309631},"size":17.620635986328126,"orthographic":false}