{"cameraMode":{"drawMode":0,"name":"Shaded","section":"Shading Mode"},"sceneLighting":false,"audioPlay":false,"sceneViewState":{"showFog":true,"showMaterialUpdate":false,"showSkybox":false,"showFlares":true,"showImageEffects":true,"showParticleSystems":true,"showVisualEffectGraphs":true,"m_FxEnabled":true},"in2DMode":false,"pivot":{"x":1.6712278127670289,"y":0.589543342590332,"z":0.3697957992553711},"rotation":{"x":-0.18500472605228425,"y":0.04920916631817818,"z":-0.009280803613364697,"w":-0.9814818501472473},"size":7.130185604095459,"orthographic":false}