{"cameraMode":{"drawMode":0,"name":"Shaded","section":"Shading Mode"},"sceneLighting":false,"audioPlay":false,"sceneViewState":{"showFog":true,"showMaterialUpdate":false,"showSkybox":false,"showFlares":true,"showImageEffects":true,"showParticleSystems":true,"showVisualEffectGraphs":true,"m_FxEnabled":true},"in2DMode":false,"pivot":{"x":-0.05657605081796646,"y":0.006420137360692024,"z":-0.045798033475875857},"rotation":{"x":-0.10466945171356201,"y":-0.8502079248428345,"z":0.18402709066867829,"w":-0.48215511441230776},"size":7.542942047119141,"orthographic":false}